id,name
0,Delilah
1,Pax
2,Bennett
3,Tilda
4,Dari
5,Bethany
6,Pip
7,Kevin
8,Asher
9,Kyle
10,Lauralei
11,Reva
12,Mattie
13,Sabrina
14,Sam
15,Jonas
16,Aisha
17,Emmy
18,Helena
19,Rafael
20,Felix
21,Vesper
22,Avi
23,Santiago
24,Violet
25,Luna
26,Loreen
27,Bradly
28,Rainer
29,Mackenzie
30,Isabella
31,Jude
32,Pippa
33,Skye
34,Queenie
35,Jeremy
36,Steph
37,Blakely
38,Wilma
39,Thelma
40,Roschelle
41,Marvin
42,Maxwell
43,Lance
44,Savannah
45,Rose
46,Leeza
47,Georgia
48,Declan
49,Charlie
50,Sabine
51,Imara
52,Virgil
53,Amelia
54,Lenny
55,Achilles
56,Herman
57,Oriel
58,Candace
59,Kingsley
60,Zoe
61,Deana
62,Gillian
63,Ezekiel
64,Wesley
65,Orelle
66,Easton
67,Ojai
68,Ace
69,Amber
70,Nina
71,Kenzie
72,Cody
73,Leif
74,Libby
75,Elsie
76,Greer
77,Sammy
78,Braylen
79,Damon
80,Raina
81,Cecilia
82,Silvester
83,Raymond
84,Avril
85,Poppy
86,Kieran
87,Watson
88,Nixon
89,Veda
90,Maddox
91,Makaela
92,River
93,Sullivan
94,Alaina
95,Addison
96,Amabelle
97,Urien
98,Laz
99,Pollyanna
